{
    "info": {
        "u0217dd348ee930236fb82d419ee52edc": "mervişim",
        "u0c0964dcb8a468fe2735360f7fa27c58": "burak",
        "u16908e02e958b5b4f4ebd6b49e31ba67": "memo",
        "u19215e0cce667a17ecc2cc4849820058": "rota",
        "u1a8dcdd8a71bff12f87a59a7769fe29b": "muro",
        "u267de0765466e0dfcbfcf64125c21f7c": "devran",
        "u2e32b465782ff8f21f1618656e32cec7": "aşkım",
        "u466730b2db436f2bb5eeb12dc3818dad": "güzellik",
        "u470bf3f8181a588f75a716ae65f4922e": "karamel",
        "u4ce5dd7159345835eee8866ae531781f": "virgül",
        "u537c146e4d7fc7f9bd1ef8115dc4cd2b": "usulcam",
        "u57087992fb00e8ea38adbfbf2531f770": "hasan",
        "u57ba782a2aeeb782bf992603044d6ec4": "biriciğim",
        "u6bfa55d87a9f43c56bce5bb64ac77c07": "adaş",
        "u7a2c7210ba6fd06fbf80df03bc1c589a": "çağlar",
        "u804bfb446cefa36605ce1fb49678753e": "bebişim",
        "u913bd619b411d06c7f65cd54fedc6d9f": "mamim",
        "u948bbde9721506e86153de1b509cfecf": "King",
        "u975f3d98ebf868ba42b3595643bcb165": "zeynep",
        "u99734d9b2ade58d6e0c2b1a0d4a713e2": "gamzoş",
        "ub5d53d95fa957c9cfe0bf20c0f0a887d": "serom",
        "uc4df5bce78811888ff670e203ffc7ffb": "hüsoo",
        "ud1d935ccd13024ba750982e745886ad4": "cendere",
        "ud5b4d52450b16f0e910bac4731716b3a": "ezroş",
        "ude5507728e29c3d4d381df1c89b58297": "PubgdeYumrukladım🤦🏼",
        "ue25a360b88c0c1f93ba20ea6a2007440": "chivas",
        "ue3d37ce64159148f9642a88d2fb77533": "handem",
        "uf52ef8583ab48cc7e5965cb4a312c433": "maviş",
        "ufd46c62afef181b19bf4f7baf767588d": "salak"
    },
    "limit": {},
    "name": {
        "@↬ᴋʟᴇᴏᴘᴀᴛʀᴀ'❁": {
            "mid": "ude5507728e29c3d4d381df1c89b58297",
            "pay": 1605089234.194975,
            "runtime": 1602497234.194975,
            "token": {}
        },
        "King": {
            "mid": "u948bbde9721506e86153de1b509cfecf",
            "pay": 1604845148.8024423,
            "runtime": 1602253148.8024423,
            "token": {}
        },
        "LORİSİM": {
            "mid": "u10fc4313946a25f0e53bb0f44991318e",
            "pay": 1605007828.7580686,
            "runtime": 1602415828.7580686,
            "token": {}
        },
        "OkanGötü": {
            "mid": "ue8190bb809081b15aa99aea02701320c",
            "pay": 1604858690.5320225,
            "runtime": 1602266690.5320225,
            "token": {}
        },
        "PubgdeYumrukladım🤦🏼": {
            "mid": "ude5507728e29c3d4d381df1c89b58297",
            "pay": 1605089356.2479606,
            "runtime": 1602497356.2479606,
            "token": {}
        },
        "adaş": {
            "mid": "u6bfa55d87a9f43c56bce5bb64ac77c07",
            "pay": 1605026724.8740175,
            "runtime": 1602434724.8740175,
            "token": {}
        },
        "aleyna": {
            "mid": "u7e7dfb0aa4319ec90ecbe90b3262ce20",
            "pay": 1605217324.4841735,
            "runtime": 1602625324.4841735,
            "token": {}
        },
        "aşkım": {
            "mid": "u2e32b465782ff8f21f1618656e32cec7",
            "pay": 1604852759.83651,
            "runtime": 1602260759.83651,
            "token": {}
        },
        "bebişim": {
            "mid": "u804bfb446cefa36605ce1fb49678753e",
            "pay": 1605130036.1603642,
            "runtime": 1602538036.1603642,
            "token": {}
        },
        "biriciğim": {
            "mid": "u57ba782a2aeeb782bf992603044d6ec4",
            "pay": 1604848853.4040287,
            "runtime": 1602256853.4040287,
            "token": {}
        },
        "burak": {
            "mid": "u0c0964dcb8a468fe2735360f7fa27c58",
            "pay": 1605130044.3868332,
            "runtime": 1602538044.3868332,
            "token": {}
        },
        "canım": {
            "mid": "ud51bf5b38bbc6f450f80bfd3b9875581",
            "pay": 1604955314.3562446,
            "runtime": 1602363314.3562446,
            "token": {}
        },
        "cendere": {
            "mid": "ud1d935ccd13024ba750982e745886ad4",
            "pay": 1605090791.9929426,
            "runtime": 1602498791.9929426,
            "token": {}
        },
        "chivas": {
            "mid": "ue25a360b88c0c1f93ba20ea6a2007440",
            "pay": 1605026263.1457424,
            "runtime": 1602434263.1457424,
            "token": {}
        },
        "devran": {
            "mid": "u267de0765466e0dfcbfcf64125c21f7c",
            "pay": 1605213795.2933075,
            "runtime": 1602621795.2933075,
            "token": {}
        },
        "ebrulim": {
            "mid": "u79645ae74ab9ea612a267b2e034e3933",
            "pay": 1605010149.7293534,
            "runtime": 1602418149.7293534,
            "token": {}
        },
        "ecem": {
            "mid": "ub7f3fff727ad99e3e141270f4beeec4c",
            "pay": 1605017359.1447785,
            "runtime": 1602425359.1447785,
            "token": {}
        },
        "ezroş": {
            "mid": "ud5b4d52450b16f0e910bac4731716b3a",
            "pay": 1605157308.7329903,
            "runtime": 1602565308.7329903,
            "token": {}
        },
        "gamzoş": {
            "mid": "u99734d9b2ade58d6e0c2b1a0d4a713e2",
            "pay": 1604856718.6152358,
            "runtime": 1602264718.6152358,
            "token": {}
        },
        "güzellik": {
            "mid": "u466730b2db436f2bb5eeb12dc3818dad",
            "pay": 1605081800.8317583,
            "runtime": 1602489800.8317583,
            "token": {}
        },
        "handem": {
            "mid": "ue3d37ce64159148f9642a88d2fb77533",
            "pay": 1605015682.346287,
            "runtime": 1602423682.346287,
            "token": {}
        },
        "hasan": {
            "mid": "u57087992fb00e8ea38adbfbf2531f770",
            "pay": 1605026007.5139203,
            "runtime": 1602434007.5139203,
            "token": {}
        },
        "hüsoo": {
            "mid": "uc4df5bce78811888ff670e203ffc7ffb",
            "pay": 1604904174.2440221,
            "runtime": 1602312174.2440221,
            "token": {}
        },
        "karamel": {
            "mid": "u470bf3f8181a588f75a716ae65f4922e",
            "pay": 1605124894.4397228,
            "runtime": 1602532894.4397228,
            "token": {}
        },
        "mami": {
            "mid": "u640cf7149a8e37b730dfa2ac36e67315",
            "pay": 1604957269.9206715,
            "runtime": 1602365269.9206715,
            "token": {}
        },
        "mamim": {
            "mid": "u913bd619b411d06c7f65cd54fedc6d9f",
            "pay": 1605208478.4936326,
            "runtime": 1602616478.4936326,
            "token": {}
        },
        "maviş": {
            "mid": "uf52ef8583ab48cc7e5965cb4a312c433",
            "pay": 1604939216.1579814,
            "runtime": 1602347216.1579814,
            "token": {}
        },
        "memo": {
            "mid": "u16908e02e958b5b4f4ebd6b49e31ba67",
            "pay": 1605026248.7587898,
            "runtime": 1602434248.7587898,
            "token": {}
        },
        "mervişim": {
            "mid": "u0217dd348ee930236fb82d419ee52edc",
            "pay": 1604928329.6458168,
            "runtime": 1602336329.6458168,
            "token": {}
        },
        "muro": {
            "mid": "u1a8dcdd8a71bff12f87a59a7769fe29b",
            "pay": 1605006055.7047849,
            "runtime": 1602414055.7047849,
            "token": {}
        },
        "reuss": {
            "mid": "u640cf7149a8e37b730dfa2ac36e67315",
            "pay": 1605087105.0140872,
            "runtime": 1602495105.0140872,
            "token": {}
        },
        "rota": {
            "mid": "u19215e0cce667a17ecc2cc4849820058",
            "pay": 1605217647.8576636,
            "runtime": 1602625647.8576636,
            "token": {}
        },
        "salak": {
            "mid": "ufd46c62afef181b19bf4f7baf767588d",
            "pay": 1604996110.2500978,
            "runtime": 1602404110.2500978,
            "token": {}
        },
        "serom": {
            "mid": "ub5d53d95fa957c9cfe0bf20c0f0a887d",
            "pay": 1604962013.2177958,
            "runtime": 1602370013.2177958,
            "token": {}
        },
        "usulcam": {
            "mid": "u537c146e4d7fc7f9bd1ef8115dc4cd2b",
            "pay": 1605000613.6460257,
            "runtime": 1602408613.6460257,
            "token": {}
        },
        "virgül": {
            "mid": "u4ce5dd7159345835eee8866ae531781f",
            "pay": 1605089496.3183525,
            "runtime": 1602497496.3183525,
            "token": {}
        },
        "zeynep": {
            "mid": "u975f3d98ebf868ba42b3595643bcb165",
            "pay": 1605100257.3231127,
            "runtime": 1602508257.3231127,
            "token": {}
        },
        "çağlar": {
            "mid": "u7a2c7210ba6fd06fbf80df03bc1c589a",
            "pay": 1604852528.8260005,
            "runtime": 1602260528.8260005,
            "token": {}
        }
    }
}